book_title,language_first_publication,year_publication,douban_rating,goodreads_rating,rating_diff_douban_minus_goodreads
Hamlet,English,1603,4.3,4.03,0.27
Robinson Crusoe,English,1719,4.05,3.68,0.37
Pride and Prejudice,English,1813,4.45,4.27,0.18
Oliver Twist,English,1838,4.05,3.87,0.18
Jane Eyre,English,1847,4.25,4.13,0.12
Wuthering Heights,English,1847,4.2,3.87,0.33
Peter Pan,English,1904,4.4,4.02,0.38
The Great Gatsby,English,1925,4.2,3.93,0.27
Brave New World,English,1932,4.55,3.99,0.56
Gone with the Wind,English,1936,4.65,4.3,0.35
The Old Man and the Sea,English,1952,4.2,3.79,0.41
The Return of the King,English,1955,4.5,4.54,-0.04
Lolita,English,1955,3.85,3.88,-0.03
To Kill a Mockingbird,English,1960,4.6,4.27,0.33
The Hunchback of Notre-Dame,French,1831,4.2,4.0,0.2
The Count of Monte Cristo,French,1846,4.5,4.26,0.24
Les Misérables,French,1862,4.5,4.18,0.32
The Little Prince,English and French,1943,4.5,4.31,0.19
The Metamorphosis,German,1915,4.2,3.83,0.37
Chess Story,German,1942,4.55,4.27,0.28
Crime and Punishment,Russian,1866,4.6,4.23,0.37
Anna Karenina,Russian,1878,4.6,4.06,0.54
One Hundred Years of Solitude,Spanish,1967,4.65,4.05,0.6
