Family,Model,NASDAQ_IC,NASDAQ_RIC,NASDAQ_prec@N,NASDAQ_SR,NYSE_IC,NYSE_RIC,NYSE_prec@N,NYSE_SR,S&P500_IC,S&P500_RIC,S&P500_prec@N,S&P500_SR
RNN,LSTM,0.032,0.354,0.514,0.892,0.024,0.256,0.512,0.857,0.031,0.186,0.531,1.332
RNN,ALSTM,0.035,0.371,0.522,0.941,0.023,0.276,0.519,0.764,0.029,0.181,0.532,1.298
GNN,RGCN,0.034,0.382,0.516,1.054,0.025,0.275,0.517,0.932,0.028,0.175,0.528,1.359
GNN,GAT,0.035,0.377,0.53,1.233,0.025,0.297,0.521,1.07,0.034,0.191,0.541,1.484
GNN,RSR-I,0.038,0.398,0.531,1.238,0.026,0.284,0.519,0.098,0.033,0.2,0.542,1.437
HGNN,STHAN-SR,0.039,0.451,0.543,1.416,0.029,0.344,0.542,1.228,0.037,0.227,0.549,1.533
HGNN,ESTIMATE,0.037,0.444,0.539,1.307,0.03,0.327,0.536,1.115,0.035,0.241,0.553,1.547
MLP,Linear,0.019,0.188,0.505,0.517,0.015,0.163,0.497,0.625,0.016,0.156,0.52,0.674
MLP,StockMixer,0.043,0.501,0.545,1.465,0.029,0.351,0.539,1.454,0.041,0.262,0.551,1.586
